Product ID,Air Temp [K],Process Temp [K],RPM,Torque [Nm],Tool Wear [min],Failure Probability (%),Analysis Mode,Risk Status,Recommendation
ONGC_PUMP_0001,303.79,314.94,1160,77.38,226,91.0,ML Prediction Mode,Critical,Immediate maintenance required. High failure risk.
ONGC_PUMP_0002,299.78,309.97,1592,40.16,60,0.0,ML Prediction Mode,Healthy,Machine is safe. Continue regular monitoring.
ONGC_PUMP_0003,304.9,315.0,1167,77.41,199,81.0,ML Prediction Mode,Critical,Immediate maintenance required. High failure risk.
ONGC_PUMP_0004,298.51,309.58,1704,44.73,43,1.0,ML Prediction Mode,Healthy,Machine is safe. Continue regular monitoring.
ONGC_PUMP_0005,300.43,310.06,1569,48.48,10,1.0,ML Prediction Mode,Healthy,Machine is safe. Continue regular monitoring.
ONGC_PUMP_0006,299.03,309.45,1599,26.7,39,0.0,ML Prediction Mode,Healthy,Machine is safe. Continue regular monitoring.
ONGC_PUMP_0007,299.34,309.45,1686,39.83,75,0.0,ML Prediction Mode,Healthy,Machine is safe. Continue regular monitoring.
ONGC_PUMP_0008,302.82,313.01,1438,52.87,167,2.0,ML Prediction Mode,Healthy,Machine is safe. Continue regular monitoring.
ONGC_PUMP_0009,296.72,305.0,1427,44.0,72,0.0,ML Prediction Mode,Healthy,Machine is safe. Continue regular monitoring.
ONGC_PUMP_0010,298.42,309.5,1566,31.3,75,0.0,ML Prediction Mode,Healthy,Machine is safe. Continue regular monitoring.
ONGC_PUMP_0011,299.46,310.84,1301,41.14,24,0.0,ML Prediction Mode,Healthy,Machine is safe. Continue regular monitoring.
ONGC_PUMP_0012,299.61,309.13,1453,29.44,63,0.0,ML Prediction Mode,Healthy,Machine is safe. Continue regular monitoring.
ONGC_PUMP_0013,302.36,313.92,1291,43.19,147,3.0,ML Prediction Mode,Healthy,Machine is safe. Continue regular monitoring.
ONGC_PUMP_0014,298.34,308.62,1901,54.62,13,6.0,ML Prediction Mode,Healthy,Machine is safe. Continue regular monitoring.
ONGC_PUMP_0015,302.33,312.81,1403,48.33,132,0.0,ML Prediction Mode,Healthy,Machine is safe. Continue regular monitoring.
ONGC_PUMP_0016,298.15,309.7,1749,30.3,3,1.0,ML Prediction Mode,Healthy,Machine is safe. Continue regular monitoring.
ONGC_PUMP_0017,299.24,308.97,1741,28.86,58,0.0,ML Prediction Mode,Healthy,Machine is safe. Continue regular monitoring.
ONGC_PUMP_0018,298.61,309.07,1539,36.64,66,0.0,ML Prediction Mode,Healthy,Machine is safe. Continue regular monitoring.
ONGC_PUMP_0019,299.23,309.77,1745,40.93,44,0.0,ML Prediction Mode,Healthy,Machine is safe. Continue regular monitoring.
ONGC_PUMP_0020,296.3,306.03,1191,26.04,28,5.0,ML Prediction Mode,Healthy,Machine is safe. Continue regular monitoring.
ONGC_PUMP_0021,295.0,305.0,1985,41.48,10,1.0,ML Prediction Mode,Healthy,Machine is safe. Continue regular monitoring.
ONGC_PUMP_0022,298.62,308.55,1692,40.76,34,0.0,ML Prediction Mode,Healthy,Machine is safe. Continue regular monitoring.
ONGC_PUMP_0023,303.52,313.79,1313,69.04,250,92.0,ML Prediction Mode,Critical,Immediate maintenance required. High failure risk.
ONGC_PUMP_0024,298.81,310.06,1484,30.47,67,0.0,ML Prediction Mode,Healthy,Machine is safe. Continue regular monitoring.
ONGC_PUMP_0025,297.85,308.77,1160,31.71,26,4.0,ML Prediction Mode,Healthy,Machine is safe. Continue regular monitoring.
ONGC_PUMP_0026,298.2,308.07,1586,29.93,58,0.0,ML Prediction Mode,Healthy,Machine is safe. Continue regular monitoring.
ONGC_PUMP_0027,302.3,314.42,1335,52.54,138,5.0,ML Prediction Mode,Healthy,Machine is safe. Continue regular monitoring.
ONGC_PUMP_0028,301.49,311.28,1337,57.67,139,1.0,ML Prediction Mode,Healthy,Machine is safe. Continue regular monitoring.
ONGC_PUMP_0029,298.31,307.79,1648,39.5,17,0.0,ML Prediction Mode,Healthy,Machine is safe. Continue regular monitoring.
ONGC_PUMP_0030,298.73,307.56,1790,47.98,63,0.0,ML Prediction Mode,Healthy,Machine is safe. Continue regular monitoring.
ONGC_PUMP_0031,298.15,307.29,1678,53.98,86,3.0,ML Prediction Mode,Healthy,Machine is safe. Continue regular monitoring.
ONGC_PUMP_0032,297.03,307.23,1877,24.79,87,0.0,ML Prediction Mode,Healthy,Machine is safe. Continue regular monitoring.
ONGC_PUMP_0033,298.79,307.37,1642,33.38,88,0.0,ML Prediction Mode,Healthy,Machine is safe. Continue regular monitoring.
ONGC_PUMP_0034,302.76,313.62,1160,59.3,182,16.0,ML Prediction Mode,Healthy,Machine is safe. Continue regular monitoring.
ONGC_PUMP_0035,297.53,306.51,1678,39.93,69,0.0,ML Prediction Mode,Healthy,Machine is safe. Continue regular monitoring.
ONGC_PUMP_0036,304.39,314.82,1227,67.33,190,79.0,ML Prediction Mode,Critical,Immediate maintenance required. High failure risk.
ONGC_PUMP_0037,300.43,312.47,1477,22.51,76,0.0,ML Prediction Mode,Healthy,Machine is safe. Continue regular monitoring.
ONGC_PUMP_0038,299.2,309.62,1281,43.59,16,0.0,ML Prediction Mode,Healthy,Machine is safe. Continue regular monitoring.
ONGC_PUMP_0039,299.24,307.85,1579,34.88,12,0.0,ML Prediction Mode,Healthy,Machine is safe. Continue regular monitoring.
ONGC_PUMP_0040,302.59,313.34,1202,56.42,96,9.0,ML Prediction Mode,Healthy,Machine is safe. Continue regular monitoring.
ONGC_PUMP_0041,303.57,314.16,1171,61.47,235,89.0,ML Prediction Mode,Critical,Immediate maintenance required. High failure risk.
ONGC_PUMP_0042,302.78,313.5,1228,44.47,164,16.0,ML Prediction Mode,Healthy,Machine is safe. Continue regular monitoring.
ONGC_PUMP_0043,298.97,308.83,1697,43.0,50,0.0,ML Prediction Mode,Healthy,Machine is safe. Continue regular monitoring.
ONGC_PUMP_0044,299.45,310.65,1467,34.6,16,0.0,ML Prediction Mode,Healthy,Machine is safe. Continue regular monitoring.
ONGC_PUMP_0045,297.51,306.88,1160,30.29,86,5.0,ML Prediction Mode,Healthy,Machine is safe. Continue regular monitoring.
ONGC_PUMP_0046,303.48,314.24,1284,65.12,193,68.0,ML Prediction Mode,Warning,Maintenance inspection recommended soon.
ONGC_PUMP_0047,301.99,313.05,1174,54.9,131,10.0,ML Prediction Mode,Healthy,Machine is safe. Continue regular monitoring.
ONGC_PUMP_0048,303.95,314.14,1170,75.64,216,90.0,ML Prediction Mode,Critical,Immediate maintenance required. High failure risk.
ONGC_PUMP_0049,302.28,313.4,1160,46.04,112,9.0,ML Prediction Mode,Healthy,Machine is safe. Continue regular monitoring.
ONGC_PUMP_0050,298.83,308.96,1689,44.46,12,0.0,ML Prediction Mode,Healthy,Machine is safe. Continue regular monitoring.
ONGC_PUMP_0051,303.49,313.17,1189,74.65,224,92.0,ML Prediction Mode,Critical,Immediate maintenance required. High failure risk.
ONGC_PUMP_0052,302.01,312.27,1177,71.39,175,79.0,ML Prediction Mode,Critical,Immediate maintenance required. High failure risk.
ONGC_PUMP_0053,299.27,309.62,1774,43.08,28,0.0,ML Prediction Mode,Healthy,Machine is safe. Continue regular monitoring.
ONGC_PUMP_0054,298.6,308.16,1319,51.45,31,1.0,ML Prediction Mode,Healthy,Machine is safe. Continue regular monitoring.
ONGC_PUMP_0055,304.21,315.0,1160,71.98,226,90.0,ML Prediction Mode,Critical,Immediate maintenance required. High failure risk.
ONGC_PUMP_0056,300.66,311.37,1552,39.99,1,0.0,ML Prediction Mode,Healthy,Machine is safe. Continue regular monitoring.
ONGC_PUMP_0057,297.6,306.6,1642,41.13,24,0.0,ML Prediction Mode,Healthy,Machine is safe. Continue regular monitoring.
ONGC_PUMP_0058,299.73,309.76,1397,29.33,20,0.0,ML Prediction Mode,Healthy,Machine is safe. Continue regular monitoring.
ONGC_PUMP_0059,298.34,307.35,1492,39.74,51,0.0,ML Prediction Mode,Healthy,Machine is safe. Continue regular monitoring.
ONGC_PUMP_0060,297.75,308.0,1477,39.95,36,0.0,ML Prediction Mode,Healthy,Machine is safe. Continue regular monitoring.
ONGC_PUMP_0061,297.11,305.41,1214,38.23,17,4.0,ML Prediction Mode,Healthy,Machine is safe. Continue regular monitoring.
ONGC_PUMP_0062,298.98,310.22,1346,34.96,65,0.0,ML Prediction Mode,Healthy,Machine is safe. Continue regular monitoring.
ONGC_PUMP_0063,300.7,310.44,1892,38.28,18,0.0,ML Prediction Mode,Healthy,Machine is safe. Continue regular monitoring.
ONGC_PUMP_0064,302.31,313.0,1422,45.75,28,0.0,ML Prediction Mode,Healthy,Machine is safe. Continue regular monitoring.
ONGC_PUMP_0065,298.83,308.85,1610,41.4,33,0.0,ML Prediction Mode,Healthy,Machine is safe. Continue regular monitoring.
ONGC_PUMP_0066,298.43,308.5,1425,44.65,8,0.0,ML Prediction Mode,Healthy,Machine is safe. Continue regular monitoring.
ONGC_PUMP_0067,298.83,308.03,1680,38.5,23,0.0,ML Prediction Mode,Healthy,Machine is safe. Continue regular monitoring.
ONGC_PUMP_0068,298.38,308.35,1590,45.58,26,0.0,ML Prediction Mode,Healthy,Machine is safe. Continue regular monitoring.
ONGC_PUMP_0069,305.0,315.0,1160,61.48,198,51.0,ML Prediction Mode,Warning,Maintenance inspection recommended soon.
ONGC_PUMP_0070,301.69,313.03,1235,48.1,115,7.0,ML Prediction Mode,Healthy,Machine is safe. Continue regular monitoring.
ONGC_PUMP_0071,298.32,309.59,1438,54.48,68,1.0,ML Prediction Mode,Healthy,Machine is safe. Continue regular monitoring.
ONGC_PUMP_0072,297.6,307.92,1650,33.02,76,0.0,ML Prediction Mode,Healthy,Machine is safe. Continue regular monitoring.
ONGC_PUMP_0073,300.14,308.63,1492,31.06,47,0.0,ML Prediction Mode,Healthy,Machine is safe. Continue regular monitoring.
ONGC_PUMP_0074,301.83,312.66,1310,55.61,139,0.0,ML Prediction Mode,Healthy,Machine is safe. Continue regular monitoring.
ONGC_PUMP_0075,298.87,309.34,1342,37.3,85,0.0,ML Prediction Mode,Healthy,Machine is safe. Continue regular monitoring.
ONGC_PUMP_0076,299.09,310.05,1602,35.15,28,0.0,ML Prediction Mode,Healthy,Machine is safe. Continue regular monitoring.
ONGC_PUMP_0077,300.28,311.14,1431,45.7,164,0.0,ML Prediction Mode,Healthy,Machine is safe. Continue regular monitoring.
ONGC_PUMP_0078,298.5,308.82,1841,39.05,56,0.0,ML Prediction Mode,Healthy,Machine is safe. Continue regular monitoring.
ONGC_PUMP_0079,301.74,311.65,1507,55.28,189,5.0,ML Prediction Mode,Healthy,Machine is safe. Continue regular monitoring.
ONGC_PUMP_0080,297.3,306.47,1748,34.7,82,0.0,ML Prediction Mode,Healthy,Machine is safe. Continue regular monitoring.
ONGC_PUMP_0081,298.78,309.36,1617,43.06,30,0.0,ML Prediction Mode,Healthy,Machine is safe. Continue regular monitoring.
ONGC_PUMP_0082,302.87,314.55,1655,65.52,155,67.0,ML Prediction Mode,Warning,Maintenance inspection recommended soon.
ONGC_PUMP_0083,298.66,309.32,1539,32.17,45,0.0,ML Prediction Mode,Healthy,Machine is safe. Continue regular monitoring.
ONGC_PUMP_0084,299.3,309.0,1686,41.03,8,0.0,ML Prediction Mode,Healthy,Machine is safe. Continue regular monitoring.
ONGC_PUMP_0085,303.47,313.66,1185,68.63,242,92.0,ML Prediction Mode,Critical,Immediate maintenance required. High failure risk.
ONGC_PUMP_0086,298.99,309.48,1170,35.08,81,4.0,ML Prediction Mode,Healthy,Machine is safe. Continue regular monitoring.
ONGC_PUMP_0087,299.93,310.09,1459,41.88,28,0.0,ML Prediction Mode,Healthy,Machine is safe. Continue regular monitoring.
ONGC_PUMP_0088,299.47,310.01,1378,45.79,39,0.0,ML Prediction Mode,Healthy,Machine is safe. Continue regular monitoring.
ONGC_PUMP_0089,297.85,308.29,1377,41.5,21,0.0,ML Prediction Mode,Healthy,Machine is safe. Continue regular monitoring.
ONGC_PUMP_0090,296.85,308.02,1576,41.29,43,0.0,ML Prediction Mode,Healthy,Machine is safe. Continue regular monitoring.
ONGC_PUMP_0091,301.54,312.95,1240,54.52,111,3.0,ML Prediction Mode,Healthy,Machine is safe. Continue regular monitoring.
ONGC_PUMP_0092,298.26,307.37,1508,25.26,12,0.0,ML Prediction Mode,Healthy,Machine is safe. Continue regular monitoring.
ONGC_PUMP_0093,297.8,308.94,1593,36.79,55,0.0,ML Prediction Mode,Healthy,Machine is safe. Continue regular monitoring.
ONGC_PUMP_0094,296.82,305.59,1667,35.79,59,0.0,ML Prediction Mode,Healthy,Machine is safe. Continue regular monitoring.
ONGC_PUMP_0095,297.71,308.69,1834,41.96,58,0.0,ML Prediction Mode,Healthy,Machine is safe. Continue regular monitoring.
ONGC_PUMP_0096,299.22,309.63,1352,43.61,38,0.0,ML Prediction Mode,Healthy,Machine is safe. Continue regular monitoring.
ONGC_PUMP_0097,300.28,310.07,1342,36.08,28,0.0,ML Prediction Mode,Healthy,Machine is safe. Continue regular monitoring.
ONGC_PUMP_0098,298.92,308.13,1631,38.02,13,0.0,ML Prediction Mode,Healthy,Machine is safe. Continue regular monitoring.
ONGC_PUMP_0099,300.63,310.55,1506,21.22,58,0.0,ML Prediction Mode,Healthy,Machine is safe. Continue regular monitoring.
ONGC_PUMP_0100,298.3,309.33,1561,38.3,8,0.0,ML Prediction Mode,Healthy,Machine is safe. Continue regular monitoring.
ONGC_PUMP_0101,302.8,313.27,1181,73.45,212,92.0,ML Prediction Mode,Critical,Immediate maintenance required. High failure risk.
ONGC_PUMP_0102,298.72,309.49,1599,33.51,74,0.0,ML Prediction Mode,Healthy,Machine is safe. Continue regular monitoring.
ONGC_PUMP_0103,295.56,305.0,1336,35.09,87,2.0,ML Prediction Mode,Healthy,Machine is safe. Continue regular monitoring.
ONGC_PUMP_0104,304.46,315.0,1280,52.09,145,6.0,ML Prediction Mode,Healthy,Machine is safe. Continue regular monitoring.
ONGC_PUMP_0105,298.4,307.12,1412,39.19,37,3.0,ML Prediction Mode,Healthy,Machine is safe. Continue regular monitoring.
ONGC_PUMP_0106,297.54,308.05,1548,26.99,50,0.0,ML Prediction Mode,Healthy,Machine is safe. Continue regular monitoring.
ONGC_PUMP_0107,305.0,315.0,1160,73.75,244,89.0,ML Prediction Mode,Critical,Immediate maintenance required. High failure risk.
ONGC_PUMP_0108,300.28,309.44,1311,34.11,61,1.0,ML Prediction Mode,Healthy,Machine is safe. Continue regular monitoring.
ONGC_PUMP_0109,297.65,306.94,1960,40.38,28,0.0,ML Prediction Mode,Healthy,Machine is safe. Continue regular monitoring.
ONGC_PUMP_0110,295.32,305.0,1224,20.0,83,4.0,ML Prediction Mode,Healthy,Machine is safe. Continue regular monitoring.
ONGC_PUMP_0111,298.99,309.62,1387,42.19,73,0.0,ML Prediction Mode,Healthy,Machine is safe. Continue regular monitoring.
ONGC_PUMP_0112,297.84,306.94,1336,38.69,72,1.0,ML Prediction Mode,Healthy,Machine is safe. Continue regular monitoring.
ONGC_PUMP_0113,302.62,314.36,1567,46.99,122,3.0,ML Prediction Mode,Healthy,Machine is safe. Continue regular monitoring.
ONGC_PUMP_0114,298.01,306.56,1519,25.52,56,0.0,ML Prediction Mode,Healthy,Machine is safe. Continue regular monitoring.
ONGC_PUMP_0115,301.27,311.27,1481,54.69,155,6.0,ML Prediction Mode,Healthy,Machine is safe. Continue regular monitoring.
ONGC_PUMP_0116,304.76,315.0,1175,69.42,213,89.0,ML Prediction Mode,Critical,Immediate maintenance required. High failure risk.
ONGC_PUMP_0117,303.54,315.0,1286,57.98,156,9.0,ML Prediction Mode,Healthy,Machine is safe. Continue regular monitoring.
ONGC_PUMP_0118,298.94,308.76,1764,20.64,61,0.0,ML Prediction Mode,Healthy,Machine is safe. Continue regular monitoring.
ONGC_PUMP_0119,296.91,306.89,1910,44.59,70,0.0,ML Prediction Mode,Healthy,Machine is safe. Continue regular monitoring.
ONGC_PUMP_0120,298.81,309.49,1266,32.71,44,3.0,ML Prediction Mode,Healthy,Machine is safe. Continue regular monitoring.
ONGC_PUMP_0121,299.45,310.45,1478,52.99,127,0.0,ML Prediction Mode,Healthy,Machine is safe. Continue regular monitoring.
ONGC_PUMP_0122,298.08,307.14,1694,32.6,33,0.0,ML Prediction Mode,Healthy,Machine is safe. Continue regular monitoring.
ONGC_PUMP_0123,298.95,307.76,1764,31.92,2,0.0,ML Prediction Mode,Healthy,Machine is safe. Continue regular monitoring.
ONGC_PUMP_0124,304.88,315.0,1160,69.38,192,80.0,ML Prediction Mode,Critical,Immediate maintenance required. High failure risk.
ONGC_PUMP_0125,298.82,309.15,1884,41.75,85,0.0,ML Prediction Mode,Healthy,Machine is safe. Continue regular monitoring.
ONGC_PUMP_0126,302.43,313.28,1260,46.74,132,4.0,ML Prediction Mode,Healthy,Machine is safe. Continue regular monitoring.
ONGC_PUMP_0127,298.37,308.17,1651,27.66,27,0.0,ML Prediction Mode,Healthy,Machine is safe. Continue regular monitoring.
ONGC_PUMP_0128,301.49,311.66,1306,51.98,143,1.0,ML Prediction Mode,Healthy,Machine is safe. Continue regular monitoring.
ONGC_PUMP_0129,302.38,311.98,1575,64.97,108,74.0,ML Prediction Mode,Critical,Immediate maintenance required. High failure risk.
ONGC_PUMP_0130,303.08,313.86,1216,72.78,241,93.0,ML Prediction Mode,Critical,Immediate maintenance required. High failure risk.
ONGC_PUMP_0131,295.06,305.0,1520,23.98,63,0.0,ML Prediction Mode,Healthy,Machine is safe. Continue regular monitoring.
ONGC_PUMP_0132,297.4,306.86,1815,33.66,70,0.0,ML Prediction Mode,Healthy,Machine is safe. Continue regular monitoring.
ONGC_PUMP_0133,298.28,308.74,1296,47.46,19,0.0,ML Prediction Mode,Healthy,Machine is safe. Continue regular monitoring.
ONGC_PUMP_0134,299.33,309.54,1667,37.93,17,0.0,ML Prediction Mode,Healthy,Machine is safe. Continue regular monitoring.
ONGC_PUMP_0135,303.26,314.86,1205,72.83,176,79.0,ML Prediction Mode,Critical,Immediate maintenance required. High failure risk.
ONGC_PUMP_0136,298.25,308.56,1802,39.45,69,0.0,ML Prediction Mode,Healthy,Machine is safe. Continue regular monitoring.
ONGC_PUMP_0137,299.39,309.18,1382,31.05,64,0.0,ML Prediction Mode,Healthy,Machine is safe. Continue regular monitoring.
ONGC_PUMP_0138,295.0,305.0,1751,32.68,39,0.0,ML Prediction Mode,Healthy,Machine is safe. Continue regular monitoring.
ONGC_PUMP_0139,298.85,310.71,1822,35.55,57,0.0,ML Prediction Mode,Healthy,Machine is safe. Continue regular monitoring.
ONGC_PUMP_0140,298.03,309.2,1529,56.4,58,11.0,ML Prediction Mode,Healthy,Machine is safe. Continue regular monitoring.
ONGC_PUMP_0141,297.63,306.95,1632,45.91,60,0.0,ML Prediction Mode,Healthy,Machine is safe. Continue regular monitoring.
ONGC_PUMP_0142,296.38,306.47,1752,37.89,19,0.0,ML Prediction Mode,Healthy,Machine is safe. Continue regular monitoring.
ONGC_PUMP_0143,303.18,313.75,1350,72.25,196,85.0,ML Prediction Mode,Critical,Immediate maintenance required. High failure risk.
ONGC_PUMP_0144,297.53,308.23,1302,40.63,63,2.0,ML Prediction Mode,Healthy,Machine is safe. Continue regular monitoring.
ONGC_PUMP_0145,303.45,314.04,1160,71.61,223,92.0,ML Prediction Mode,Critical,Immediate maintenance required. High failure risk.
ONGC_PUMP_0146,297.75,308.81,1609,36.31,73,0.0,ML Prediction Mode,Healthy,Machine is safe. Continue regular monitoring.
ONGC_PUMP_0147,302.13,312.69,1443,62.16,121,65.0,ML Prediction Mode,Warning,Maintenance inspection recommended soon.
ONGC_PUMP_0148,300.07,309.82,1201,27.86,83,2.0,ML Prediction Mode,Healthy,Machine is safe. Continue regular monitoring.
ONGC_PUMP_0149,299.79,310.75,1519,20.92,71,0.0,ML Prediction Mode,Healthy,Machine is safe. Continue regular monitoring.
ONGC_PUMP_0150,297.1,308.71,1377,43.99,49,1.0,ML Prediction Mode,Healthy,Machine is safe. Continue regular monitoring.
ONGC_PUMP_0151,299.51,309.7,1531,48.91,80,0.0,ML Prediction Mode,Healthy,Machine is safe. Continue regular monitoring.
ONGC_PUMP_0152,298.97,307.72,1419,33.35,26,2.0,ML Prediction Mode,Healthy,Machine is safe. Continue regular monitoring.
ONGC_PUMP_0153,302.77,313.92,1325,51.86,109,9.0,ML Prediction Mode,Healthy,Machine is safe. Continue regular monitoring.
ONGC_PUMP_0154,301.37,310.93,1377,60.84,113,8.0,ML Prediction Mode,Healthy,Machine is safe. Continue regular monitoring.
ONGC_PUMP_0155,298.48,307.32,1322,38.24,69,3.0,ML Prediction Mode,Healthy,Machine is safe. Continue regular monitoring.
ONGC_PUMP_0156,304.09,315.0,1160,69.4,202,85.0,ML Prediction Mode,Critical,Immediate maintenance required. High failure risk.
ONGC_PUMP_0157,297.95,306.84,1296,36.61,17,3.0,ML Prediction Mode,Healthy,Machine is safe. Continue regular monitoring.
ONGC_PUMP_0158,298.79,310.05,1357,37.56,36,0.0,ML Prediction Mode,Healthy,Machine is safe. Continue regular monitoring.
ONGC_PUMP_0159,300.13,310.54,1585,36.26,16,0.0,ML Prediction Mode,Healthy,Machine is safe. Continue regular monitoring.
ONGC_PUMP_0160,298.59,308.05,1645,61.31,22,60.0,ML Prediction Mode,Warning,Maintenance inspection recommended soon.
ONGC_PUMP_0161,298.56,309.17,1761,39.54,14,0.0,ML Prediction Mode,Healthy,Machine is safe. Continue regular monitoring.
ONGC_PUMP_0162,299.79,308.82,1400,39.17,4,0.0,ML Prediction Mode,Healthy,Machine is safe. Continue regular monitoring.
ONGC_PUMP_0163,299.67,309.68,1513,26.23,65,2.0,ML Prediction Mode,Healthy,Machine is safe. Continue regular monitoring.
ONGC_PUMP_0164,298.56,308.47,1760,36.57,21,0.0,ML Prediction Mode,Healthy,Machine is safe. Continue regular monitoring.
ONGC_PUMP_0165,298.04,307.85,1267,41.11,66,2.0,ML Prediction Mode,Healthy,Machine is safe. Continue regular monitoring.
ONGC_PUMP_0166,300.9,311.32,1655,64.53,188,82.0,ML Prediction Mode,Critical,Immediate maintenance required. High failure risk.
ONGC_PUMP_0167,301.3,311.73,1160,56.08,118,4.0,ML Prediction Mode,Healthy,Machine is safe. Continue regular monitoring.
ONGC_PUMP_0168,298.94,308.36,1499,25.99,54,0.0,ML Prediction Mode,Healthy,Machine is safe. Continue regular monitoring.
ONGC_PUMP_0169,302.64,312.71,1392,53.87,95,0.0,ML Prediction Mode,Healthy,Machine is safe. Continue regular monitoring.
ONGC_PUMP_0170,297.86,306.86,1623,34.27,77,0.0,ML Prediction Mode,Healthy,Machine is safe. Continue regular monitoring.
ONGC_PUMP_0171,297.91,308.02,1160,39.89,86,3.0,ML Prediction Mode,Healthy,Machine is safe. Continue regular monitoring.
ONGC_PUMP_0172,298.3,307.84,1160,43.13,18,4.0,ML Prediction Mode,Healthy,Machine is safe. Continue regular monitoring.
ONGC_PUMP_0173,297.87,308.35,1309,46.38,82,0.0,ML Prediction Mode,Healthy,Machine is safe. Continue regular monitoring.
ONGC_PUMP_0174,302.1,311.85,1260,55.59,97,6.0,ML Prediction Mode,Healthy,Machine is safe. Continue regular monitoring.
ONGC_PUMP_0175,300.56,310.64,1505,44.05,142,0.0,ML Prediction Mode,Healthy,Machine is safe. Continue regular monitoring.
ONGC_PUMP_0176,300.27,310.68,1313,43.37,13,1.0,ML Prediction Mode,Healthy,Machine is safe. Continue regular monitoring.
ONGC_PUMP_0177,299.57,308.95,1438,32.75,27,0.0,ML Prediction Mode,Healthy,Machine is safe. Continue regular monitoring.
ONGC_PUMP_0178,301.22,310.4,1562,28.59,55,0.0,ML Prediction Mode,Healthy,Machine is safe. Continue regular monitoring.
ONGC_PUMP_0179,298.33,307.35,1701,30.66,40,0.0,ML Prediction Mode,Healthy,Machine is safe. Continue regular monitoring.
ONGC_PUMP_0180,303.71,315.0,1400,44.23,137,4.0,ML Prediction Mode,Healthy,Machine is safe. Continue regular monitoring.
ONGC_PUMP_0181,298.61,306.67,1372,43.5,6,0.0,ML Prediction Mode,Healthy,Machine is safe. Continue regular monitoring.
ONGC_PUMP_0182,299.72,308.39,1548,40.19,16,0.0,ML Prediction Mode,Healthy,Machine is safe. Continue regular monitoring.
ONGC_PUMP_0183,301.85,311.9,1274,54.68,146,4.0,ML Prediction Mode,Healthy,Machine is safe. Continue regular monitoring.
ONGC_PUMP_0184,300.08,310.96,1349,55.32,165,0.0,ML Prediction Mode,Healthy,Machine is safe. Continue regular monitoring.
ONGC_PUMP_0185,301.99,312.63,1271,60.31,118,10.0,ML Prediction Mode,Healthy,Machine is safe. Continue regular monitoring.
ONGC_PUMP_0186,299.42,310.4,1666,30.96,77,0.0,ML Prediction Mode,Healthy,Machine is safe. Continue regular monitoring.
ONGC_PUMP_0187,298.23,308.83,1560,29.06,88,0.0,ML Prediction Mode,Healthy,Machine is safe. Continue regular monitoring.
ONGC_PUMP_0188,298.19,309.37,1387,33.3,57,1.0,ML Prediction Mode,Healthy,Machine is safe. Continue regular monitoring.
ONGC_PUMP_0189,296.05,306.08,1348,34.92,40,2.0,ML Prediction Mode,Healthy,Machine is safe. Continue regular monitoring.
ONGC_PUMP_0190,299.31,309.69,1425,36.65,24,0.0,ML Prediction Mode,Healthy,Machine is safe. Continue regular monitoring.
ONGC_PUMP_0191,300.92,312.55,1524,57.32,134,13.0,ML Prediction Mode,Healthy,Machine is safe. Continue regular monitoring.
ONGC_PUMP_0192,298.78,309.48,1448,33.07,49,0.0,ML Prediction Mode,Healthy,Machine is safe. Continue regular monitoring.
ONGC_PUMP_0193,300.67,311.81,1257,43.8,27,2.0,ML Prediction Mode,Healthy,Machine is safe. Continue regular monitoring.
ONGC_PUMP_0194,298.82,307.97,1585,25.51,39,0.0,ML Prediction Mode,Healthy,Machine is safe. Continue regular monitoring.
ONGC_PUMP_0195,295.91,305.7,1445,25.59,54,1.0,ML Prediction Mode,Healthy,Machine is safe. Continue regular monitoring.
ONGC_PUMP_0196,299.79,310.27,1526,42.95,83,0.0,ML Prediction Mode,Healthy,Machine is safe. Continue regular monitoring.
ONGC_PUMP_0197,299.02,308.4,1641,42.41,87,0.0,ML Prediction Mode,Healthy,Machine is safe. Continue regular monitoring.
ONGC_PUMP_0198,299.73,309.48,1286,29.25,37,1.0,ML Prediction Mode,Healthy,Machine is safe. Continue regular monitoring.
ONGC_PUMP_0199,300.81,310.84,1177,61.93,140,3.0,ML Prediction Mode,Healthy,Machine is safe. Continue regular monitoring.
ONGC_PUMP_0200,300.05,308.97,1838,37.73,84,0.0,ML Prediction Mode,Healthy,Machine is safe. Continue regular monitoring.
ONGC_PUMP_0201,298.61,307.63,1160,34.96,83,4.0,ML Prediction Mode,Healthy,Machine is safe. Continue regular monitoring.
ONGC_PUMP_0202,300.9,310.95,1594,23.79,6,0.0,ML Prediction Mode,Healthy,Machine is safe. Continue regular monitoring.
ONGC_PUMP_0203,297.06,306.83,1444,39.31,40,0.0,ML Prediction Mode,Healthy,Machine is safe. Continue regular monitoring.
ONGC_PUMP_0204,304.54,315.0,1171,67.85,231,89.0,ML Prediction Mode,Critical,Immediate maintenance required. High failure risk.
ONGC_PUMP_0205,303.7,313.12,1480,39.85,93,0.0,ML Prediction Mode,Healthy,Machine is safe. Continue regular monitoring.
ONGC_PUMP_0206,301.44,311.96,1307,48.71,129,1.0,ML Prediction Mode,Healthy,Machine is safe. Continue regular monitoring.
ONGC_PUMP_0207,296.87,307.18,1648,39.85,37,0.0,ML Prediction Mode,Healthy,Machine is safe. Continue regular monitoring.
ONGC_PUMP_0208,298.39,307.97,1948,34.38,70,0.0,ML Prediction Mode,Healthy,Machine is safe. Continue regular monitoring.
ONGC_PUMP_0209,299.85,309.77,1350,47.51,30,0.0,ML Prediction Mode,Healthy,Machine is safe. Continue regular monitoring.
ONGC_PUMP_0210,298.49,309.76,1578,37.78,42,0.0,ML Prediction Mode,Healthy,Machine is safe. Continue regular monitoring.
ONGC_PUMP_0211,297.55,307.66,1537,27.33,45,2.0,ML Prediction Mode,Healthy,Machine is safe. Continue regular monitoring.
ONGC_PUMP_0212,297.93,308.97,1461,43.28,35,0.0,ML Prediction Mode,Healthy,Machine is safe. Continue regular monitoring.
ONGC_PUMP_0213,299.7,308.9,1603,45.38,61,0.0,ML Prediction Mode,Healthy,Machine is safe. Continue regular monitoring.
ONGC_PUMP_0214,297.31,307.84,1639,38.82,32,0.0,ML Prediction Mode,Healthy,Machine is safe. Continue regular monitoring.
ONGC_PUMP_0215,301.93,312.22,1654,34.06,11,0.0,ML Prediction Mode,Healthy,Machine is safe. Continue regular monitoring.
ONGC_PUMP_0216,300.57,310.79,1618,35.53,89,0.0,ML Prediction Mode,Healthy,Machine is safe. Continue regular monitoring.
ONGC_PUMP_0217,298.26,307.99,1296,22.18,83,3.0,ML Prediction Mode,Healthy,Machine is safe. Continue regular monitoring.
ONGC_PUMP_0218,298.56,306.84,1385,41.26,34,1.0,ML Prediction Mode,Healthy,Machine is safe. Continue regular monitoring.
ONGC_PUMP_0219,299.43,309.36,1465,32.97,89,0.0,ML Prediction Mode,Healthy,Machine is safe. Continue regular monitoring.
ONGC_PUMP_0220,299.48,309.56,1691,44.97,80,0.0,ML Prediction Mode,Healthy,Machine is safe. Continue regular monitoring.
ONGC_PUMP_0221,296.44,305.87,1688,35.76,69,0.0,ML Prediction Mode,Healthy,Machine is safe. Continue regular monitoring.
ONGC_PUMP_0222,298.75,309.07,1639,45.29,8,1.0,ML Prediction Mode,Healthy,Machine is safe. Continue regular monitoring.
ONGC_PUMP_0223,302.11,312.78,1481,59.44,177,66.0,ML Prediction Mode,Warning,Maintenance inspection recommended soon.
ONGC_PUMP_0224,298.73,310.5,1455,41.38,45,0.0,ML Prediction Mode,Healthy,Machine is safe. Continue regular monitoring.
ONGC_PUMP_0225,302.32,312.19,1290,56.99,168,8.0,ML Prediction Mode,Healthy,Machine is safe. Continue regular monitoring.
ONGC_PUMP_0226,303.97,315.0,1219,66.4,206,85.0,ML Prediction Mode,Critical,Immediate maintenance required. High failure risk.
ONGC_PUMP_0227,302.13,312.58,1474,48.23,96,0.0,ML Prediction Mode,Healthy,Machine is safe. Continue regular monitoring.
ONGC_PUMP_0228,301.19,312.23,1223,50.83,122,3.0,ML Prediction Mode,Healthy,Machine is safe. Continue regular monitoring.
ONGC_PUMP_0229,303.25,315.0,1160,49.09,182,13.0,ML Prediction Mode,Healthy,Machine is safe. Continue regular monitoring.
ONGC_PUMP_0230,297.04,307.31,1559,41.85,37,0.0,ML Prediction Mode,Healthy,Machine is safe. Continue regular monitoring.
ONGC_PUMP_0231,298.78,307.29,1369,24.08,30,3.0,ML Prediction Mode,Healthy,Machine is safe. Continue regular monitoring.
ONGC_PUMP_0232,302.55,313.63,1191,47.01,126,9.0,ML Prediction Mode,Healthy,Machine is safe. Continue regular monitoring.
ONGC_PUMP_0233,298.52,308.34,1403,33.68,23,2.0,ML Prediction Mode,Healthy,Machine is safe. Continue regular monitoring.
ONGC_PUMP_0234,298.15,307.78,1628,42.89,86,0.0,ML Prediction Mode,Healthy,Machine is safe. Continue regular monitoring.
ONGC_PUMP_0235,300.63,309.94,1552,38.09,41,0.0,ML Prediction Mode,Healthy,Machine is safe. Continue regular monitoring.
ONGC_PUMP_0236,297.58,307.65,1407,29.2,56,2.0,ML Prediction Mode,Healthy,Machine is safe. Continue regular monitoring.
ONGC_PUMP_0237,298.83,309.22,1356,27.7,77,0.0,ML Prediction Mode,Healthy,Machine is safe. Continue regular monitoring.
ONGC_PUMP_0238,301.91,311.69,1298,64.84,178,58.0,ML Prediction Mode,Warning,Maintenance inspection recommended soon.
ONGC_PUMP_0239,297.76,306.49,1415,37.56,26,2.0,ML Prediction Mode,Healthy,Machine is safe. Continue regular monitoring.
ONGC_PUMP_0240,299.62,310.95,1160,57.66,137,2.0,ML Prediction Mode,Healthy,Machine is safe. Continue regular monitoring.
ONGC_PUMP_0241,297.56,307.67,1514,41.82,89,0.0,ML Prediction Mode,Healthy,Machine is safe. Continue regular monitoring.
ONGC_PUMP_0242,297.95,308.29,1353,43.05,44,0.0,ML Prediction Mode,Healthy,Machine is safe. Continue regular monitoring.
ONGC_PUMP_0243,300.76,310.33,1192,47.88,18,4.0,ML Prediction Mode,Healthy,Machine is safe. Continue regular monitoring.
ONGC_PUMP_0244,298.94,309.49,1959,45.77,38,0.0,ML Prediction Mode,Healthy,Machine is safe. Continue regular monitoring.
ONGC_PUMP_0245,301.57,313.01,1507,75.58,162,77.0,ML Prediction Mode,Critical,Immediate maintenance required. High failure risk.
ONGC_PUMP_0246,297.43,305.22,1471,40.95,5,0.0,ML Prediction Mode,Healthy,Machine is safe. Continue regular monitoring.
ONGC_PUMP_0247,298.81,309.47,1600,48.95,89,1.0,ML Prediction Mode,Healthy,Machine is safe. Continue regular monitoring.
ONGC_PUMP_0248,298.99,310.77,1501,41.36,23,0.0,ML Prediction Mode,Healthy,Machine is safe. Continue regular monitoring.
ONGC_PUMP_0249,299.12,307.34,1814,39.36,32,0.0,ML Prediction Mode,Healthy,Machine is safe. Continue regular monitoring.
ONGC_PUMP_0250,298.46,308.07,1565,60.14,13,46.0,ML Prediction Mode,Warning,Maintenance inspection recommended soon.
ONGC_PUMP_0251,301.81,310.67,1317,61.49,149,16.0,ML Prediction Mode,Healthy,Machine is safe. Continue regular monitoring.
ONGC_PUMP_0252,304.72,315.0,1242,69.81,197,88.0,ML Prediction Mode,Critical,Immediate maintenance required. High failure risk.
ONGC_PUMP_0253,298.89,309.86,1832,50.56,50,0.0,ML Prediction Mode,Healthy,Machine is safe. Continue regular monitoring.
ONGC_PUMP_0254,300.28,311.17,1480,30.93,43,0.0,ML Prediction Mode,Healthy,Machine is safe. Continue regular monitoring.
ONGC_PUMP_0255,300.41,310.13,1160,42.04,68,2.0,ML Prediction Mode,Healthy,Machine is safe. Continue regular monitoring.
ONGC_PUMP_0256,299.45,308.22,1456,43.47,74,0.0,ML Prediction Mode,Healthy,Machine is safe. Continue regular monitoring.
ONGC_PUMP_0257,298.45,306.88,1677,24.72,39,0.0,ML Prediction Mode,Healthy,Machine is safe. Continue regular monitoring.
ONGC_PUMP_0258,301.82,311.8,1450,51.43,94,1.0,ML Prediction Mode,Healthy,Machine is safe. Continue regular monitoring.
ONGC_PUMP_0259,299.19,308.5,1253,40.33,56,2.0,ML Prediction Mode,Healthy,Machine is safe. Continue regular monitoring.
ONGC_PUMP_0260,300.39,309.03,1290,46.88,8,0.0,ML Prediction Mode,Healthy,Machine is safe. Continue regular monitoring.
ONGC_PUMP_0261,299.67,308.68,1302,67.4,134,79.0,ML Prediction Mode,Critical,Immediate maintenance required. High failure risk.
ONGC_PUMP_0262,297.81,307.79,1877,25.82,33,0.0,ML Prediction Mode,Healthy,Machine is safe. Continue regular monitoring.
ONGC_PUMP_0263,301.04,310.76,1396,62.96,167,66.0,ML Prediction Mode,Warning,Maintenance inspection recommended soon.
ONGC_PUMP_0264,304.72,315.0,1440,68.12,223,87.0,ML Prediction Mode,Critical,Immediate maintenance required. High failure risk.
ONGC_PUMP_0265,303.92,315.0,1160,67.95,206,86.0,ML Prediction Mode,Critical,Immediate maintenance required. High failure risk.
ONGC_PUMP_0266,296.2,305.19,1313,36.76,10,3.0,ML Prediction Mode,Healthy,Machine is safe. Continue regular monitoring.
ONGC_PUMP_0267,300.09,310.62,1552,34.31,14,0.0,ML Prediction Mode,Healthy,Machine is safe. Continue regular monitoring.
ONGC_PUMP_0268,298.54,306.92,1588,44.1,74,0.0,ML Prediction Mode,Healthy,Machine is safe. Continue regular monitoring.
ONGC_PUMP_0269,301.96,312.38,1330,55.86,168,4.0,ML Prediction Mode,Healthy,Machine is safe. Continue regular monitoring.
ONGC_PUMP_0270,297.66,308.27,1412,46.73,87,0.0,ML Prediction Mode,Healthy,Machine is safe. Continue regular monitoring.
ONGC_PUMP_0271,299.98,310.42,1594,46.07,25,0.0,ML Prediction Mode,Healthy,Machine is safe. Continue regular monitoring.
ONGC_PUMP_0272,298.93,309.65,1494,33.19,67,0.0,ML Prediction Mode,Healthy,Machine is safe. Continue regular monitoring.
ONGC_PUMP_0273,297.8,307.8,1808,42.44,1,0.0,ML Prediction Mode,Healthy,Machine is safe. Continue regular monitoring.
ONGC_PUMP_0274,299.15,308.98,1225,53.14,11,1.0,ML Prediction Mode,Healthy,Machine is safe. Continue regular monitoring.
ONGC_PUMP_0275,297.85,308.77,1647,39.96,30,0.0,ML Prediction Mode,Healthy,Machine is safe. Continue regular monitoring.
ONGC_PUMP_0276,300.38,311.37,1457,58.84,181,41.0,ML Prediction Mode,Warning,Maintenance inspection recommended soon.
ONGC_PUMP_0277,297.92,307.67,1913,24.12,67,0.0,ML Prediction Mode,Healthy,Machine is safe. Continue regular monitoring.
ONGC_PUMP_0278,296.0,306.31,1481,21.21,73,0.0,ML Prediction Mode,Healthy,Machine is safe. Continue regular monitoring.
ONGC_PUMP_0279,298.56,309.62,1852,47.07,81,0.0,ML Prediction Mode,Healthy,Machine is safe. Continue regular monitoring.
ONGC_PUMP_0280,299.06,310.88,1665,49.79,30,0.0,ML Prediction Mode,Healthy,Machine is safe. Continue regular monitoring.
ONGC_PUMP_0281,301.04,312.55,1583,47.07,132,0.0,ML Prediction Mode,Healthy,Machine is safe. Continue regular monitoring.
ONGC_PUMP_0282,299.69,309.76,1803,40.48,77,0.0,ML Prediction Mode,Healthy,Machine is safe. Continue regular monitoring.
ONGC_PUMP_0283,302.71,311.93,1210,64.9,132,50.0,ML Prediction Mode,Warning,Maintenance inspection recommended soon.
ONGC_PUMP_0284,300.19,310.12,1586,47.43,20,0.0,ML Prediction Mode,Healthy,Machine is safe. Continue regular monitoring.
ONGC_PUMP_0285,303.27,313.07,1262,66.99,194,77.0,ML Prediction Mode,Critical,Immediate maintenance required. High failure risk.
ONGC_PUMP_0286,299.62,309.0,1848,32.52,45,0.0,ML Prediction Mode,Healthy,Machine is safe. Continue regular monitoring.
ONGC_PUMP_0287,301.84,313.43,1599,48.47,148,0.0,ML Prediction Mode,Healthy,Machine is safe. Continue regular monitoring.
ONGC_PUMP_0288,302.01,313.42,1555,52.37,128,1.0,ML Prediction Mode,Healthy,Machine is safe. Continue regular monitoring.
ONGC_PUMP_0289,298.39,307.62,1377,49.58,47,0.0,ML Prediction Mode,Healthy,Machine is safe. Continue regular monitoring.
ONGC_PUMP_0290,305.0,315.0,1160,76.43,229,90.0,ML Prediction Mode,Critical,Immediate maintenance required. High failure risk.
ONGC_PUMP_0291,301.05,311.41,1426,46.93,91,0.0,ML Prediction Mode,Healthy,Machine is safe. Continue regular monitoring.
ONGC_PUMP_0292,298.64,308.32,1501,37.84,70,0.0,ML Prediction Mode,Healthy,Machine is safe. Continue regular monitoring.
ONGC_PUMP_0293,304.54,315.0,1216,77.83,206,89.0,ML Prediction Mode,Critical,Immediate maintenance required. High failure risk.
ONGC_PUMP_0294,298.23,309.03,1425,26.12,15,0.0,ML Prediction Mode,Healthy,Machine is safe. Continue regular monitoring.
ONGC_PUMP_0295,296.21,305.18,1364,37.49,20,2.0,ML Prediction Mode,Healthy,Machine is safe. Continue regular monitoring.
ONGC_PUMP_0296,298.67,308.99,1394,44.86,60,0.0,ML Prediction Mode,Healthy,Machine is safe. Continue regular monitoring.
ONGC_PUMP_0297,298.29,308.61,1160,40.42,40,3.0,ML Prediction Mode,Healthy,Machine is safe. Continue regular monitoring.
ONGC_PUMP_0298,297.13,307.02,1562,38.92,67,0.0,ML Prediction Mode,Healthy,Machine is safe. Continue regular monitoring.
ONGC_PUMP_0299,300.05,308.66,1582,33.32,57,0.0,ML Prediction Mode,Healthy,Machine is safe. Continue regular monitoring.
ONGC_PUMP_0300,300.74,310.3,1160,68.82,173,54.0,ML Prediction Mode,Warning,Maintenance inspection recommended soon.
ONGC_PUMP_0301,298.22,310.18,1800,31.18,61,1.0,ML Prediction Mode,Healthy,Machine is safe. Continue regular monitoring.
ONGC_PUMP_0302,299.89,310.73,1465,36.67,29,0.0,ML Prediction Mode,Healthy,Machine is safe. Continue regular monitoring.
ONGC_PUMP_0303,302.11,313.48,1160,60.11,145,14.0,ML Prediction Mode,Healthy,Machine is safe. Continue regular monitoring.
ONGC_PUMP_0304,303.07,313.55,1268,67.29,248,84.0,ML Prediction Mode,Critical,Immediate maintenance required. High failure risk.
ONGC_PUMP_0305,299.42,310.2,1653,36.05,40,0.0,ML Prediction Mode,Healthy,Machine is safe. Continue regular monitoring.
ONGC_PUMP_0306,297.94,308.32,1368,50.04,4,0.0,ML Prediction Mode,Healthy,Machine is safe. Continue regular monitoring.
ONGC_PUMP_0307,298.61,308.62,1539,33.39,5,0.0,ML Prediction Mode,Healthy,Machine is safe. Continue regular monitoring.
ONGC_PUMP_0308,301.48,312.86,1464,59.48,183,64.0,ML Prediction Mode,Warning,Maintenance inspection recommended soon.
ONGC_PUMP_0309,299.66,310.36,1373,31.16,37,0.0,ML Prediction Mode,Healthy,Machine is safe. Continue regular monitoring.
ONGC_PUMP_0310,300.62,310.62,1288,51.64,92,0.0,ML Prediction Mode,Healthy,Machine is safe. Continue regular monitoring.
ONGC_PUMP_0311,299.44,310.04,1701,25.67,8,0.0,ML Prediction Mode,Healthy,Machine is safe. Continue regular monitoring.
ONGC_PUMP_0312,298.36,309.83,1896,24.69,11,1.0,ML Prediction Mode,Healthy,Machine is safe. Continue regular monitoring.
ONGC_PUMP_0313,297.31,307.7,1530,42.43,18,0.0,ML Prediction Mode,Healthy,Machine is safe. Continue regular monitoring.
ONGC_PUMP_0314,299.82,310.28,1681,32.68,58,0.0,ML Prediction Mode,Healthy,Machine is safe. Continue regular monitoring.
ONGC_PUMP_0315,299.67,309.55,1807,48.95,60,1.0,ML Prediction Mode,Healthy,Machine is safe. Continue regular monitoring.
ONGC_PUMP_0316,298.65,308.38,1389,26.25,0,1.0,ML Prediction Mode,Healthy,Machine is safe. Continue regular monitoring.
ONGC_PUMP_0317,296.99,307.4,1825,38.52,62,0.0,ML Prediction Mode,Healthy,Machine is safe. Continue regular monitoring.
ONGC_PUMP_0318,296.23,306.32,1160,27.42,7,6.0,ML Prediction Mode,Healthy,Machine is safe. Continue regular monitoring.
ONGC_PUMP_0319,299.57,310.17,1755,37.98,37,0.0,ML Prediction Mode,Healthy,Machine is safe. Continue regular monitoring.
ONGC_PUMP_0320,298.1,307.45,1625,37.25,82,0.0,ML Prediction Mode,Healthy,Machine is safe. Continue regular monitoring.
ONGC_PUMP_0321,302.08,311.89,1487,50.52,149,0.0,ML Prediction Mode,Healthy,Machine is safe. Continue regular monitoring.
ONGC_PUMP_0322,298.55,309.46,1553,28.41,58,0.0,ML Prediction Mode,Healthy,Machine is safe. Continue regular monitoring.
ONGC_PUMP_0323,295.82,306.1,1900,50.61,78,1.0,ML Prediction Mode,Healthy,Machine is safe. Continue regular monitoring.
ONGC_PUMP_0324,304.36,314.39,1160,66.62,223,88.0,ML Prediction Mode,Critical,Immediate maintenance required. High failure risk.
ONGC_PUMP_0325,298.13,307.53,1706,47.43,42,0.0,ML Prediction Mode,Healthy,Machine is safe. Continue regular monitoring.
ONGC_PUMP_0326,300.21,309.88,1414,51.14,67,0.0,ML Prediction Mode,Healthy,Machine is safe. Continue regular monitoring.
ONGC_PUMP_0327,302.23,314.01,1421,60.81,178,55.0,ML Prediction Mode,Warning,Maintenance inspection recommended soon.
ONGC_PUMP_0328,298.11,306.09,1166,29.86,21,6.0,ML Prediction Mode,Healthy,Machine is safe. Continue regular monitoring.
ONGC_PUMP_0329,300.73,311.21,1401,49.11,175,1.0,ML Prediction Mode,Healthy,Machine is safe. Continue regular monitoring.
ONGC_PUMP_0330,304.03,314.51,1524,54.57,160,7.0,ML Prediction Mode,Healthy,Machine is safe. Continue regular monitoring.
ONGC_PUMP_0331,297.56,307.46,1440,56.4,40,4.0,ML Prediction Mode,Healthy,Machine is safe. Continue regular monitoring.
ONGC_PUMP_0332,296.91,306.56,1587,50.69,70,0.0,ML Prediction Mode,Healthy,Machine is safe. Continue regular monitoring.
ONGC_PUMP_0333,298.43,310.34,1462,31.87,22,0.0,ML Prediction Mode,Healthy,Machine is safe. Continue regular monitoring.
ONGC_PUMP_0334,300.0,310.55,1903,25.62,1,0.0,ML Prediction Mode,Healthy,Machine is safe. Continue regular monitoring.
ONGC_PUMP_0335,298.18,308.77,1974,35.17,54,0.0,ML Prediction Mode,Healthy,Machine is safe. Continue regular monitoring.
ONGC_PUMP_0336,297.74,308.59,1618,21.64,18,0.0,ML Prediction Mode,Healthy,Machine is safe. Continue regular monitoring.
ONGC_PUMP_0337,298.3,308.31,1682,27.13,7,0.0,ML Prediction Mode,Healthy,Machine is safe. Continue regular monitoring.
ONGC_PUMP_0338,300.77,311.56,1535,58.89,157,43.0,ML Prediction Mode,Warning,Maintenance inspection recommended soon.
ONGC_PUMP_0339,300.01,309.92,1389,34.06,59,0.0,ML Prediction Mode,Healthy,Machine is safe. Continue regular monitoring.
ONGC_PUMP_0340,299.57,310.71,1729,30.53,29,0.0,ML Prediction Mode,Healthy,Machine is safe. Continue regular monitoring.
ONGC_PUMP_0341,297.97,307.59,1429,35.47,84,0.0,ML Prediction Mode,Healthy,Machine is safe. Continue regular monitoring.
ONGC_PUMP_0342,298.15,308.16,1596,41.48,5,0.0,ML Prediction Mode,Healthy,Machine is safe. Continue regular monitoring.
ONGC_PUMP_0343,296.61,307.23,1778,31.14,57,0.0,ML Prediction Mode,Healthy,Machine is safe. Continue regular monitoring.
ONGC_PUMP_0344,297.94,307.05,1591,33.82,11,0.0,ML Prediction Mode,Healthy,Machine is safe. Continue regular monitoring.
ONGC_PUMP_0345,298.68,309.46,1772,32.68,86,0.0,ML Prediction Mode,Healthy,Machine is safe. Continue regular monitoring.
ONGC_PUMP_0346,300.09,309.57,1912,42.73,54,0.0,ML Prediction Mode,Healthy,Machine is safe. Continue regular monitoring.
ONGC_PUMP_0347,298.42,308.45,1686,39.05,32,0.0,ML Prediction Mode,Healthy,Machine is safe. Continue regular monitoring.
ONGC_PUMP_0348,300.44,311.06,1601,43.99,7,0.0,ML Prediction Mode,Healthy,Machine is safe. Continue regular monitoring.
ONGC_PUMP_0349,302.33,312.98,1466,59.37,159,61.0,ML Prediction Mode,Warning,Maintenance inspection recommended soon.
ONGC_PUMP_0350,297.63,307.92,1670,32.64,83,0.0,ML Prediction Mode,Healthy,Machine is safe. Continue regular monitoring.
ONGC_PUMP_0351,300.02,310.87,1646,53.78,8,3.0,ML Prediction Mode,Healthy,Machine is safe. Continue regular monitoring.
ONGC_PUMP_0352,301.6,312.4,1492,54.09,118,5.0,ML Prediction Mode,Healthy,Machine is safe. Continue regular monitoring.
ONGC_PUMP_0353,299.0,308.89,1440,31.79,60,0.0,ML Prediction Mode,Healthy,Machine is safe. Continue regular monitoring.
ONGC_PUMP_0354,298.44,308.88,1649,43.41,14,0.0,ML Prediction Mode,Healthy,Machine is safe. Continue regular monitoring.
ONGC_PUMP_0355,301.08,310.63,1530,60.51,181,51.0,ML Prediction Mode,Warning,Maintenance inspection recommended soon.
ONGC_PUMP_0356,304.8,315.0,1242,71.9,249,93.0,ML Prediction Mode,Critical,Immediate maintenance required. High failure risk.
ONGC_PUMP_0357,299.33,308.23,1373,32.21,50,1.0,ML Prediction Mode,Healthy,Machine is safe. Continue regular monitoring.
ONGC_PUMP_0358,298.6,307.66,1529,46.47,16,0.0,ML Prediction Mode,Healthy,Machine is safe. Continue regular monitoring.
ONGC_PUMP_0359,301.43,312.86,1297,63.84,160,36.0,ML Prediction Mode,Warning,Maintenance inspection recommended soon.
ONGC_PUMP_0360,299.73,309.29,1557,37.51,24,0.0,ML Prediction Mode,Healthy,Machine is safe. Continue regular monitoring.
ONGC_PUMP_0361,296.92,307.89,1952,46.01,31,0.0,ML Prediction Mode,Healthy,Machine is safe. Continue regular monitoring.
ONGC_PUMP_0362,304.38,314.82,1160,69.69,219,90.0,ML Prediction Mode,Critical,Immediate maintenance required. High failure risk.
ONGC_PUMP_0363,300.92,312.12,1267,59.37,149,3.0,ML Prediction Mode,Healthy,Machine is safe. Continue regular monitoring.
ONGC_PUMP_0364,299.84,309.15,1596,40.07,66,0.0,ML Prediction Mode,Healthy,Machine is safe. Continue regular monitoring.
ONGC_PUMP_0365,302.87,313.52,1545,54.64,150,7.0,ML Prediction Mode,Healthy,Machine is safe. Continue regular monitoring.
ONGC_PUMP_0366,297.72,309.04,1392,35.3,2,1.0,ML Prediction Mode,Healthy,Machine is safe. Continue regular monitoring.
ONGC_PUMP_0367,297.91,308.23,1160,37.69,30,7.0,ML Prediction Mode,Healthy,Machine is safe. Continue regular monitoring.
ONGC_PUMP_0368,298.29,307.99,1204,28.94,69,3.0,ML Prediction Mode,Healthy,Machine is safe. Continue regular monitoring.
ONGC_PUMP_0369,303.74,314.86,1255,65.44,146,58.0,ML Prediction Mode,Warning,Maintenance inspection recommended soon.
ONGC_PUMP_0370,301.59,311.27,1313,57.22,121,7.0,ML Prediction Mode,Healthy,Machine is safe. Continue regular monitoring.
ONGC_PUMP_0371,299.03,308.98,1470,39.21,76,0.0,ML Prediction Mode,Healthy,Machine is safe. Continue regular monitoring.
ONGC_PUMP_0372,302.21,312.62,1637,43.63,25,0.0,ML Prediction Mode,Healthy,Machine is safe. Continue regular monitoring.
ONGC_PUMP_0373,298.29,308.4,1745,44.91,39,0.0,ML Prediction Mode,Healthy,Machine is safe. Continue regular monitoring.
ONGC_PUMP_0374,300.39,310.64,1378,61.23,97,2.0,ML Prediction Mode,Healthy,Machine is safe. Continue regular monitoring.
ONGC_PUMP_0375,301.33,311.62,1353,54.72,177,0.0,ML Prediction Mode,Healthy,Machine is safe. Continue regular monitoring.
ONGC_PUMP_0376,301.75,312.64,1166,41.98,141,6.0,ML Prediction Mode,Healthy,Machine is safe. Continue regular monitoring.
ONGC_PUMP_0377,296.74,306.55,1596,39.42,77,0.0,ML Prediction Mode,Healthy,Machine is safe. Continue regular monitoring.
ONGC_PUMP_0378,299.49,308.85,1487,16.37,83,1.0,ML Prediction Mode,Healthy,Machine is safe. Continue regular monitoring.
ONGC_PUMP_0379,298.43,306.63,1588,30.57,29,0.0,ML Prediction Mode,Healthy,Machine is safe. Continue regular monitoring.
ONGC_PUMP_0380,298.86,308.96,1504,25.71,30,0.0,ML Prediction Mode,Healthy,Machine is safe. Continue regular monitoring.
ONGC_PUMP_0381,304.64,315.0,1160,68.61,192,79.0,ML Prediction Mode,Critical,Immediate maintenance required. High failure risk.
ONGC_PUMP_0382,301.93,312.77,1346,51.0,168,2.0,ML Prediction Mode,Healthy,Machine is safe. Continue regular monitoring.
ONGC_PUMP_0383,303.64,313.81,1238,73.01,248,95.0,ML Prediction Mode,Critical,Immediate maintenance required. High failure risk.
ONGC_PUMP_0384,298.98,309.64,1421,46.41,81,0.0,ML Prediction Mode,Healthy,Machine is safe. Continue regular monitoring.
ONGC_PUMP_0385,298.06,309.4,1638,37.68,67,0.0,ML Prediction Mode,Healthy,Machine is safe. Continue regular monitoring.
ONGC_PUMP_0386,297.17,307.23,1570,45.56,73,0.0,ML Prediction Mode,Healthy,Machine is safe. Continue regular monitoring.
ONGC_PUMP_0387,299.78,308.99,2056,41.0,58,0.0,ML Prediction Mode,Healthy,Machine is safe. Continue regular monitoring.
ONGC_PUMP_0388,296.57,307.7,1488,38.86,63,0.0,ML Prediction Mode,Healthy,Machine is safe. Continue regular monitoring.
ONGC_PUMP_0389,298.16,309.7,1906,38.37,68,1.0,ML Prediction Mode,Healthy,Machine is safe. Continue regular monitoring.
ONGC_PUMP_0390,297.99,308.78,1453,37.7,13,0.0,ML Prediction Mode,Healthy,Machine is safe. Continue regular monitoring.
ONGC_PUMP_0391,300.25,309.58,1592,30.45,71,0.0,ML Prediction Mode,Healthy,Machine is safe. Continue regular monitoring.
ONGC_PUMP_0392,296.92,305.82,1638,54.51,20,6.0,ML Prediction Mode,Healthy,Machine is safe. Continue regular monitoring.
ONGC_PUMP_0393,300.45,310.71,1536,59.4,145,48.0,ML Prediction Mode,Warning,Maintenance inspection recommended soon.
ONGC_PUMP_0394,299.87,309.88,1460,45.11,46,4.0,ML Prediction Mode,Healthy,Machine is safe. Continue regular monitoring.
ONGC_PUMP_0395,299.38,309.59,1566,36.1,43,0.0,ML Prediction Mode,Healthy,Machine is safe. Continue regular monitoring.
ONGC_PUMP_0396,300.23,310.2,1730,46.63,34,0.0,ML Prediction Mode,Healthy,Machine is safe. Continue regular monitoring.
ONGC_PUMP_0397,299.26,308.31,1579,51.18,65,0.0,ML Prediction Mode,Healthy,Machine is safe. Continue regular monitoring.
ONGC_PUMP_0398,299.11,308.0,1437,46.61,29,1.0,ML Prediction Mode,Healthy,Machine is safe. Continue regular monitoring.
ONGC_PUMP_0399,298.52,309.04,1419,38.32,11,2.0,ML Prediction Mode,Healthy,Machine is safe. Continue regular monitoring.
ONGC_PUMP_0400,302.38,311.83,1160,54.1,112,12.0,ML Prediction Mode,Healthy,Machine is safe. Continue regular monitoring.
ONGC_PUMP_0401,299.07,308.0,1718,35.32,14,0.0,ML Prediction Mode,Healthy,Machine is safe. Continue regular monitoring.
ONGC_PUMP_0402,298.32,308.64,1502,32.81,50,0.0,ML Prediction Mode,Healthy,Machine is safe. Continue regular monitoring.
ONGC_PUMP_0403,301.26,310.81,1525,41.37,131,0.0,ML Prediction Mode,Healthy,Machine is safe. Continue regular monitoring.
ONGC_PUMP_0404,299.2,308.54,1679,38.91,2,0.0,ML Prediction Mode,Healthy,Machine is safe. Continue regular monitoring.
ONGC_PUMP_0405,299.36,308.41,1638,44.81,77,0.0,ML Prediction Mode,Healthy,Machine is safe. Continue regular monitoring.
ONGC_PUMP_0406,304.17,314.6,1160,71.7,215,90.0,ML Prediction Mode,Critical,Immediate maintenance required. High failure risk.
ONGC_PUMP_0407,300.97,311.03,1538,40.47,37,0.0,ML Prediction Mode,Healthy,Machine is safe. Continue regular monitoring.
ONGC_PUMP_0408,297.84,307.8,1792,52.41,31,1.0,ML Prediction Mode,Healthy,Machine is safe. Continue regular monitoring.
ONGC_PUMP_0409,303.8,313.54,1319,74.84,200,88.0,ML Prediction Mode,Critical,Immediate maintenance required. High failure risk.
ONGC_PUMP_0410,299.47,308.15,1814,44.29,34,0.0,ML Prediction Mode,Healthy,Machine is safe. Continue regular monitoring.
ONGC_PUMP_0411,301.54,310.55,1496,64.53,94,78.0,ML Prediction Mode,Critical,Immediate maintenance required. High failure risk.
ONGC_PUMP_0412,297.75,307.04,1739,37.49,60,0.0,ML Prediction Mode,Healthy,Machine is safe. Continue regular monitoring.
ONGC_PUMP_0413,299.26,309.84,1764,32.78,74,0.0,ML Prediction Mode,Healthy,Machine is safe. Continue regular monitoring.
ONGC_PUMP_0414,300.1,310.29,1307,25.55,38,1.0,ML Prediction Mode,Healthy,Machine is safe. Continue regular monitoring.
ONGC_PUMP_0415,303.17,314.82,1160,76.84,245,91.0,ML Prediction Mode,Critical,Immediate maintenance required. High failure risk.
ONGC_PUMP_0416,299.36,309.86,1612,36.14,39,0.0,ML Prediction Mode,Healthy,Machine is safe. Continue regular monitoring.
ONGC_PUMP_0417,298.98,308.64,1606,36.65,78,0.0,ML Prediction Mode,Healthy,Machine is safe. Continue regular monitoring.
ONGC_PUMP_0418,302.14,313.03,1439,59.54,124,50.0,ML Prediction Mode,Warning,Maintenance inspection recommended soon.
ONGC_PUMP_0419,299.23,308.68,1564,32.93,22,0.0,ML Prediction Mode,Healthy,Machine is safe. Continue regular monitoring.
ONGC_PUMP_0420,298.82,307.85,1626,59.01,86,43.0,ML Prediction Mode,Warning,Maintenance inspection recommended soon.
ONGC_PUMP_0421,300.68,312.2,1215,49.41,186,8.0,ML Prediction Mode,Healthy,Machine is safe. Continue regular monitoring.
ONGC_PUMP_0422,297.43,306.84,1409,42.18,11,0.0,ML Prediction Mode,Healthy,Machine is safe. Continue regular monitoring.
ONGC_PUMP_0423,298.17,308.54,1670,36.82,58,0.0,ML Prediction Mode,Healthy,Machine is safe. Continue regular monitoring.
ONGC_PUMP_0424,299.03,309.4,1600,38.37,16,0.0,ML Prediction Mode,Healthy,Machine is safe. Continue regular monitoring.
ONGC_PUMP_0425,300.16,310.35,1663,40.26,12,0.0,ML Prediction Mode,Healthy,Machine is safe. Continue regular monitoring.
ONGC_PUMP_0426,298.05,308.11,1469,34.1,75,0.0,ML Prediction Mode,Healthy,Machine is safe. Continue regular monitoring.
ONGC_PUMP_0427,297.59,306.22,1663,60.4,29,46.0,ML Prediction Mode,Warning,Maintenance inspection recommended soon.
ONGC_PUMP_0428,300.06,309.83,1436,36.58,39,0.0,ML Prediction Mode,Healthy,Machine is safe. Continue regular monitoring.
ONGC_PUMP_0429,298.33,307.31,1621,23.71,54,0.0,ML Prediction Mode,Healthy,Machine is safe. Continue regular monitoring.
ONGC_PUMP_0430,298.42,309.36,1716,41.57,33,0.0,ML Prediction Mode,Healthy,Machine is safe. Continue regular monitoring.
ONGC_PUMP_0431,299.0,309.44,1746,30.51,42,0.0,ML Prediction Mode,Healthy,Machine is safe. Continue regular monitoring.
ONGC_PUMP_0432,298.95,307.47,1379,48.81,55,0.0,ML Prediction Mode,Healthy,Machine is safe. Continue regular monitoring.
ONGC_PUMP_0433,300.64,310.24,1464,50.39,0,1.0,ML Prediction Mode,Healthy,Machine is safe. Continue regular monitoring.
ONGC_PUMP_0434,299.24,307.92,1360,44.71,87,1.0,ML Prediction Mode,Healthy,Machine is safe. Continue regular monitoring.
ONGC_PUMP_0435,298.86,309.65,1160,31.35,46,3.0,ML Prediction Mode,Healthy,Machine is safe. Continue regular monitoring.
ONGC_PUMP_0436,298.13,307.71,1505,47.19,12,0.0,ML Prediction Mode,Healthy,Machine is safe. Continue regular monitoring.
ONGC_PUMP_0437,298.14,308.91,1771,37.49,73,0.0,ML Prediction Mode,Healthy,Machine is safe. Continue regular monitoring.
ONGC_PUMP_0438,298.78,308.97,1347,30.26,49,0.0,ML Prediction Mode,Healthy,Machine is safe. Continue regular monitoring.
ONGC_PUMP_0439,302.28,313.24,1326,52.45,146,4.0,ML Prediction Mode,Healthy,Machine is safe. Continue regular monitoring.
ONGC_PUMP_0440,300.72,310.79,1160,37.25,3,4.0,ML Prediction Mode,Healthy,Machine is safe. Continue regular monitoring.
ONGC_PUMP_0441,297.61,306.53,1487,38.73,16,0.0,ML Prediction Mode,Healthy,Machine is safe. Continue regular monitoring.
ONGC_PUMP_0442,298.97,308.0,1678,28.53,26,0.0,ML Prediction Mode,Healthy,Machine is safe. Continue regular monitoring.
ONGC_PUMP_0443,303.66,314.42,1445,55.14,184,8.0,ML Prediction Mode,Healthy,Machine is safe. Continue regular monitoring.
ONGC_PUMP_0444,298.98,308.08,1607,27.59,8,0.0,ML Prediction Mode,Healthy,Machine is safe. Continue regular monitoring.
ONGC_PUMP_0445,299.98,309.38,1560,30.15,6,0.0,ML Prediction Mode,Healthy,Machine is safe. Continue regular monitoring.
ONGC_PUMP_0446,303.21,312.61,1160,73.14,225,93.0,ML Prediction Mode,Critical,Immediate maintenance required. High failure risk.
ONGC_PUMP_0447,298.89,309.4,1669,25.82,88,0.0,ML Prediction Mode,Healthy,Machine is safe. Continue regular monitoring.
ONGC_PUMP_0448,297.24,306.41,1280,48.82,30,1.0,ML Prediction Mode,Healthy,Machine is safe. Continue regular monitoring.
ONGC_PUMP_0449,298.21,307.95,1432,39.77,44,0.0,ML Prediction Mode,Healthy,Machine is safe. Continue regular monitoring.
ONGC_PUMP_0450,299.3,309.31,1709,44.32,50,0.0,ML Prediction Mode,Healthy,Machine is safe. Continue regular monitoring.
ONGC_PUMP_0451,299.41,309.69,1747,41.17,28,0.0,ML Prediction Mode,Healthy,Machine is safe. Continue regular monitoring.
ONGC_PUMP_0452,303.48,314.07,1298,48.3,141,7.0,ML Prediction Mode,Healthy,Machine is safe. Continue regular monitoring.
ONGC_PUMP_0453,296.14,306.09,1542,32.18,73,0.0,ML Prediction Mode,Healthy,Machine is safe. Continue regular monitoring.
ONGC_PUMP_0454,299.69,308.08,1413,45.87,23,0.0,ML Prediction Mode,Healthy,Machine is safe. Continue regular monitoring.
ONGC_PUMP_0455,302.52,312.65,1309,48.57,174,4.0,ML Prediction Mode,Healthy,Machine is safe. Continue regular monitoring.
ONGC_PUMP_0456,296.62,306.8,1592,51.61,52,0.0,ML Prediction Mode,Healthy,Machine is safe. Continue regular monitoring.
ONGC_PUMP_0457,299.39,310.01,1608,35.95,58,0.0,ML Prediction Mode,Healthy,Machine is safe. Continue regular monitoring.
ONGC_PUMP_0458,297.15,307.5,1765,30.74,40,0.0,ML Prediction Mode,Healthy,Machine is safe. Continue regular monitoring.
ONGC_PUMP_0459,299.22,308.68,1732,36.03,55,0.0,ML Prediction Mode,Healthy,Machine is safe. Continue regular monitoring.
ONGC_PUMP_0460,298.83,310.62,1807,35.54,29,0.0,ML Prediction Mode,Healthy,Machine is safe. Continue regular monitoring.
ONGC_PUMP_0461,302.36,313.07,1466,68.78,120,78.0,ML Prediction Mode,Critical,Immediate maintenance required. High failure risk.
ONGC_PUMP_0462,298.11,308.12,1585,40.89,74,0.0,ML Prediction Mode,Healthy,Machine is safe. Continue regular monitoring.
ONGC_PUMP_0463,297.73,308.24,1519,39.57,43,0.0,ML Prediction Mode,Healthy,Machine is safe. Continue regular monitoring.
ONGC_PUMP_0464,297.63,307.76,1945,37.86,43,0.0,ML Prediction Mode,Healthy,Machine is safe. Continue regular monitoring.
ONGC_PUMP_0465,298.46,307.31,1376,36.81,1,2.0,ML Prediction Mode,Healthy,Machine is safe. Continue regular monitoring.
ONGC_PUMP_0466,302.89,313.31,1417,50.67,128,0.0,ML Prediction Mode,Healthy,Machine is safe. Continue regular monitoring.
ONGC_PUMP_0467,299.21,309.13,1594,46.51,42,0.0,ML Prediction Mode,Healthy,Machine is safe. Continue regular monitoring.
ONGC_PUMP_0468,297.51,307.45,1533,20.28,25,0.0,ML Prediction Mode,Healthy,Machine is safe. Continue regular monitoring.
ONGC_PUMP_0469,297.04,306.38,1160,34.15,41,5.0,ML Prediction Mode,Healthy,Machine is safe. Continue regular monitoring.
ONGC_PUMP_0470,298.59,308.3,1734,37.84,88,0.0,ML Prediction Mode,Healthy,Machine is safe. Continue regular monitoring.
ONGC_PUMP_0471,304.28,314.83,1219,45.52,170,13.0,ML Prediction Mode,Healthy,Machine is safe. Continue regular monitoring.
ONGC_PUMP_0472,299.02,308.85,1651,39.37,75,0.0,ML Prediction Mode,Healthy,Machine is safe. Continue regular monitoring.
ONGC_PUMP_0473,295.6,306.62,1814,38.24,72,0.0,ML Prediction Mode,Healthy,Machine is safe. Continue regular monitoring.
ONGC_PUMP_0474,297.53,307.04,1752,45.8,18,0.0,ML Prediction Mode,Healthy,Machine is safe. Continue regular monitoring.
ONGC_PUMP_0475,297.3,307.59,1684,37.29,6,0.0,ML Prediction Mode,Healthy,Machine is safe. Continue regular monitoring.
ONGC_PUMP_0476,299.72,309.11,1612,37.43,78,0.0,ML Prediction Mode,Healthy,Machine is safe. Continue regular monitoring.
ONGC_PUMP_0477,297.29,307.53,1523,65.63,69,75.0,ML Prediction Mode,Critical,Immediate maintenance required. High failure risk.
ONGC_PUMP_0478,298.61,310.21,1529,24.13,42,0.0,ML Prediction Mode,Healthy,Machine is safe. Continue regular monitoring.
ONGC_PUMP_0479,297.68,307.23,1615,48.71,30,1.0,ML Prediction Mode,Healthy,Machine is safe. Continue regular monitoring.
ONGC_PUMP_0480,304.57,314.57,1160,71.52,248,89.0,ML Prediction Mode,Critical,Immediate maintenance required. High failure risk.
ONGC_PUMP_0481,299.77,310.26,1563,32.03,38,0.0,ML Prediction Mode,Healthy,Machine is safe. Continue regular monitoring.
ONGC_PUMP_0482,299.9,309.77,1554,55.63,130,6.0,ML Prediction Mode,Healthy,Machine is safe. Continue regular monitoring.
ONGC_PUMP_0483,298.98,308.69,1419,54.97,80,0.0,ML Prediction Mode,Healthy,Machine is safe. Continue regular monitoring.
ONGC_PUMP_0484,300.03,309.36,1600,24.88,6,0.0,ML Prediction Mode,Healthy,Machine is safe. Continue regular monitoring.
ONGC_PUMP_0485,299.15,310.84,1800,35.94,42,0.0,ML Prediction Mode,Healthy,Machine is safe. Continue regular monitoring.
ONGC_PUMP_0486,298.54,308.78,1649,36.94,84,0.0,ML Prediction Mode,Healthy,Machine is safe. Continue regular monitoring.
ONGC_PUMP_0487,300.56,310.25,1842,42.34,70,0.0,ML Prediction Mode,Healthy,Machine is safe. Continue regular monitoring.
ONGC_PUMP_0488,298.98,310.54,1429,45.24,49,1.0,ML Prediction Mode,Healthy,Machine is safe. Continue regular monitoring.
ONGC_PUMP_0489,299.98,310.45,1586,39.81,42,0.0,ML Prediction Mode,Healthy,Machine is safe. Continue regular monitoring.
ONGC_PUMP_0490,300.88,310.7,1171,48.98,102,1.0,ML Prediction Mode,Healthy,Machine is safe. Continue regular monitoring.
ONGC_PUMP_0491,301.37,313.05,1304,51.53,173,1.0,ML Prediction Mode,Healthy,Machine is safe. Continue regular monitoring.
ONGC_PUMP_0492,302.98,314.45,1331,68.15,209,91.0,ML Prediction Mode,Critical,Immediate maintenance required. High failure risk.
ONGC_PUMP_0493,297.69,307.31,1406,40.74,42,0.0,ML Prediction Mode,Healthy,Machine is safe. Continue regular monitoring.
ONGC_PUMP_0494,298.97,310.45,1620,34.9,53,0.0,ML Prediction Mode,Healthy,Machine is safe. Continue regular monitoring.
ONGC_PUMP_0495,300.19,308.16,1693,34.29,20,0.0,ML Prediction Mode,Healthy,Machine is safe. Continue regular monitoring.
ONGC_PUMP_0496,298.34,308.67,1470,25.41,18,0.0,ML Prediction Mode,Healthy,Machine is safe. Continue regular monitoring.
ONGC_PUMP_0497,298.19,307.66,1851,36.49,14,0.0,ML Prediction Mode,Healthy,Machine is safe. Continue regular monitoring.
ONGC_PUMP_0498,302.01,312.51,1394,71.73,181,86.0,ML Prediction Mode,Critical,Immediate maintenance required. High failure risk.
ONGC_PUMP_0499,304.23,315.0,1177,69.74,205,88.0,ML Prediction Mode,Critical,Immediate maintenance required. High failure risk.
ONGC_PUMP_0500,297.64,307.72,1280,38.93,20,1.0,ML Prediction Mode,Healthy,Machine is safe. Continue regular monitoring.
